termId,name,definition,definitionSource,purpose,calculationMethod,dataRequired,dataSource,typesOfDisaggregation,interpretation,qualityStandards,limitations
2048,Gross enrolment ratio,"Total enrolment in a specific level of education, regardless of age, expressed as a percentage of the eligible official school-age population corresponding to the same level of education in a given school year.",UNESCO Institute for Statistics,To show the general level of participation in a given level of education. It indicates the capacity of the education system to enrol students of a particular age group. It can also be a complementary indicator to net enrolment rate (NER) by indicating the extent of over-aged and under-aged enrolment.,Number of pupils (or students) enrolled in a given level of education regardless of age expressed as percentage of the population of the age group which officially corresponds to the given level of education.,Total enrolment for a given level of education. Population of the age group corresponding to the specified level.,School register or school census for data on enrolment by level of education. UNPD population estimates for school-age population.,By sex and level of education.,"A high GER generally indicates a high degree of participation, whether the pupils belong to the official age group or not. A GER value approaching or exceeding 100% indicates that a country is, in principle, able to accommodate all of its school-age population, but it does not indicate the proportion already enrolled. The achievement of a GER of 100% is therefore a necessary but not sufficient condition for enrolling all eligible children in school.

  When the GER exceeds 90% for a particular level of education, the aggregate number of places for pupils is approaching the number required for universal access of the official age group. However, this is a meaningful interpretation only if one can expect the under-aged and over-aged enrolments to decline in the future to free places for pupils from the expected age group.","GER at each level of education should be based on total enrolment in all types of schools and education institutions, including public, private and all other institutions that provide organized educational programmes.","GER can exceed 100% due to the inclusion of over-aged and under-aged pupils/students because of early or late entrants, and grade repetition. In this case, a rigorous interpretation of GER needs additional information to assess the extent of repetition, late entrants, etc."
2071,ISCED 3: Upper secondary education,"Programmes at ISCED level 3, or upper secondary education, are typically designed to complete secondary education in preparation for tertiary education or provide skills relevant to employment, or both.  Programmes at this level offer students more varied, specialised and in-depth instruction than programmes at ISCED level 2. They are more differentiated, with an increased range of options and streams available. Teachers are often highly qualified in the subjects or fields of specialisation they teach, particularly in the higher grades. (see ISCED 2011 Manual, paragraphs 162-163)",ISCED 2011 http://uis.unesco.org/sites/default/files/documents/international-standard-classification-of-education-isced-2011-en.pdf,,,,,,,,
2183,Sex-disaggregated data,Data that are collected and presented separately on men and women.,"Gender Mainstreaming Implementation Framework - UNESCO, 2003",,,,,,,,
3197,"Parity indices (female/male, rural/urban, bottom/top wealth quintiles and others such as disability status, indigenous peoples and conflict-affected, as data become available) for all education indicators on this list that can be disaggregated","SDG Indicator 4.5.1: Parity indices require data for the specific groups of interest. They represent the ratio of the indicator value for one group to that of the other. Typically, the likely more disadvantaged group is the numerator. A value of exactly 1 indicates parity between the two groups.",UNESCO Institute for Statistics.,To measure the general level of disparity between two sub-populations of interest with regard to a given indicator.,"Parity index: The indicator value of the likely more disadvantaged group is divided by the indicator value of the other sub-population of interest.  Adjusted parity index: The parity index does not indicate whether improvement or regression is due to the performance of one of the groups.

The default calculation method for the parity index yields an indicator that is not symmetrical around 1 and that has no upper limit. This limitation can be overcome with a simple transformation, by inverting ratios that exceed 1 and subtracting them from 2. This adjusted parity index is symmetrical around 1 and lies in the range 0-2, which makes interpretation easier.",The indicator vales for the sub-populations of interest.,The sources are the same as for the underlying indicators for this goal.,None because the parity indices directly compare two sub-populations of interest.,"The further from 1 the parity index lies, the greater the disparity between the two groups of interest. For indicators that should ideally increase in values (e.g. gross enrolment ratios, completion rates, participation rates, etc), a parity index value less than 1 indicates disparity in favour of the advantaged group and a value higher than 1 indicates disparity in favour of the disadvantaged group. The interpretation of the parity index is the other way around for indicators that should ideally approach 0%, like out-of-school rates.",,"See section ""Calculation method""  Starting in September 2020, all parity indices are calculated with the formula for adjusted parity indices."
3203,Gender parity index (GPI),"See the definition of ""Parity indices (female/male, rural/urban, bottom/top wealth quintiles and others such as disability status, indigenous peoples and conflict-affected, as data become available) for all education indicators on this list that can be disaggregated""",UNESCO Institute for Statistics.,,,,,,,,