termId,name,definition,definitionSource,purpose,calculationMethod,dataRequired,dataSource,typesOfDisaggregation,interpretation,qualityStandards,limitations
2066,ISCED 1: Primary education,"Programmes at ISCED level 1, or primary education, are typically designed to provide students with fundamental skills in reading, writing and mathematics (i.e. literacy and numeracy) and establish a solid foundation for learning and understanding core areas of knowledge, personal and social development, in preparation for lower secondary education. It focuses on learning at a basic level of complexity with little, if any, specialisation. (see ISCED 2011 Manual paragraph 120)",ISCED 2011 http://uis.unesco.org/sites/default/files/documents/international-standard-classification-of-education-isced-2011-en.pdf,,,,,,,,
2067,ISCED 2: Lower secondary education,"Programmes at ISCED level 2, or lower secondary education, are typically designed to build on the earning outcomes from ISCED level 1. Usually, the aim is to lay the foundation for lifelong learning and human development upon which education systems may then expand further educational  opportunities. Some education systems may already offer vocational education programmes at ISCED level 2 to provide individuals with skills relevant to employment.  Programmes at this level are usually organized around a more subject-oriented curriculum, introducing theoretical concepts across a broad range of subjects. Teachers typically have pedagogical training in specific subjects and, more often than at ISCED level 1, a class of students may have several teachers with specialised knowledge of the subjects they teach. (see ISCED 2011 Manual, paragraphs 139-140)",ISCED 2011 http://uis.unesco.org/sites/default/files/documents/international-standard-classification-of-education-isced-2011-en.pdf,,,,,,,,
2071,ISCED 3: Upper secondary education,"Programmes at ISCED level 3, or upper secondary education, are typically designed to complete secondary education in preparation for tertiary education or provide skills relevant to employment, or both.  Programmes at this level offer students more varied, specialised and in-depth instruction than programmes at ISCED level 2. They are more differentiated, with an increased range of options and streams available. Teachers are often highly qualified in the subjects or fields of specialisation they teach, particularly in the higher grades. (see ISCED 2011 Manual, paragraphs 162-163)",ISCED 2011 http://uis.unesco.org/sites/default/files/documents/international-standard-classification-of-education-isced-2011-en.pdf,,,,,,,,
2183,Sex-disaggregated data,Data that are collected and presented separately on men and women.,"Gender Mainstreaming Implementation Framework - UNESCO, 2003",,,,,,,,
2629,Enrolment,"Individuals officially registered in a given educational programme, or stage or module thereof, regardless of age.",ISCED 2011 http://uis.unesco.org/sites/default/files/documents/international-standard-classification-of-education-isced-2011-en.pdf,,,,,,,,
3197,"Parity indices (female/male, rural/urban, bottom/top wealth quintiles and others such as disability status, indigenous peoples and conflict-affected, as data become available) for all education indicators on this list that can be disaggregated","SDG Indicator 4.5.1: Parity indices require data for the specific groups of interest. They represent the ratio of the indicator value for one group to that of the other. Typically, the likely more disadvantaged group is the numerator. A value of exactly 1 indicates parity between the two groups.",UNESCO Institute for Statistics.,To measure the general level of disparity between two sub-populations of interest with regard to a given indicator.,"Parity index: The indicator value of the likely more disadvantaged group is divided by the indicator value of the other sub-population of interest.  Adjusted parity index: The parity index does not indicate whether improvement or regression is due to the performance of one of the groups.

The default calculation method for the parity index yields an indicator that is not symmetrical around 1 and that has no upper limit. This limitation can be overcome with a simple transformation, by inverting ratios that exceed 1 and subtracting them from 2. This adjusted parity index is symmetrical around 1 and lies in the range 0-2, which makes interpretation easier.",The indicator vales for the sub-populations of interest.,The sources are the same as for the underlying indicators for this goal.,None because the parity indices directly compare two sub-populations of interest.,"The further from 1 the parity index lies, the greater the disparity between the two groups of interest. For indicators that should ideally increase in values (e.g. gross enrolment ratios, completion rates, participation rates, etc), a parity index value less than 1 indicates disparity in favour of the advantaged group and a value higher than 1 indicates disparity in favour of the disadvantaged group. The interpretation of the parity index is the other way around for indicators that should ideally approach 0%, like out-of-school rates.",,"See section ""Calculation method""  Starting in September 2020, all parity indices are calculated with the formula for adjusted parity indices."